,Tweet Timestamp,Tweet Text,Tweet Length,Tweet ID
0,2022-04-18 18:07:48+00:00,"How are HR leaders taking action with data-driven insights?

Tableau empowers teams to visualize data on hiring, at‚Ä¶ https://t.co/sUHgSrGf7o",140,1516116301223129088
1,2022-04-18 16:00:46+00:00,"The complete Tableau Conference session catalog is now LIVE. 

Explore #Data22 keynotes, breakouts, and hands-on-tr‚Ä¶ https://t.co/4GPk2VOlTQ",140,1516084331365773314
2,2022-04-17 16:00:15+00:00,That feeling when Tableau Conference is only one month away. #Data22 https://t.co/iQOavZx8YV,92,1515721813648674822
3,2022-04-16 16:40:32+00:00,"On the blog, Tableau technical evangelist @acotgreave looks at chart examples across social media and shares his be‚Ä¶ https://t.co/2sAtEZ86ma",140,1515369561859579904
4,2022-04-15 21:24:29+00:00,@AdedamolaLadipo Facts!,23,1515078634545074177
5,2022-04-15 20:53:13+00:00,ICYMI: Tableau 2022.1 is now available. Discover how the latest capabilities can boost your analytics efficiency an‚Ä¶ https://t.co/mc49S3JwyR,140,1515070762503192579
6,2022-04-15 19:31:41+00:00,@aabattani Who else is taking notes? üìù,38,1515050244781748225
7,2022-04-15 19:30:25+00:00,@KimTricker @tableaupublic Looks great!,39,1515049927516176384
8,2022-04-15 19:03:08+00:00,Data and technology is a key enabler to help end homelessness. Read the latest from Tableau Foundation partner‚Ä¶ https://t.co/Aoyngwx6A3,135,1515043059402088451
9,2022-04-15 17:04:46+00:00,"A peek at the latest Tableau Community content this week:
- Intro to Tableau Actions tutorial video
- Job listings‚Ä¶ https://t.co/8GENnf4x94",139,1515013272327532546
10,2022-04-14 19:01:37+00:00,"Tableau Conference speaker sneak peek: @Indeed developer Cassie Lebauer on accessible dashboard design. 

Look out‚Ä¶ https://t.co/cJfeOAiwwG",139,1514680292325277702
11,2022-04-14 19:01:13+00:00,@LawrenceEDurbin See you there!,31,1514680191133499430
12,2022-04-14 18:58:48+00:00,@chisomezeilo01 Awesome! See you there.,39,1514679581282041856
13,2022-04-14 18:42:25+00:00,@jaxx084 Loving all the tips and tricks in this thread!,55,1514675461242073088
14,2022-04-14 18:42:06+00:00,@LisaTrescott So many good ones!,32,1514675381235695620
15,2022-04-14 17:04:09+00:00,"Agenda Builder for TrailblazerDX is now available. 

Build the perfect plan for #TDX22‚Äîincluding sessions featuring‚Ä¶ https://t.co/GK8eT3XduA",140,1514650728798691370
16,2022-04-14 14:00:14+00:00,"Who will be the #IronViz 2022 champion? 

Join us at Tableau Conference for the world's largest data visualization‚Ä¶ https://t.co/4bLJHx4tOP",139,1514604445417426952
17,2022-04-13 23:37:46+00:00,@Matt_Francis @FryRsquared It's definitely going to be good!,60,1514387399639371783
18,2022-04-13 23:32:03+00:00,@VizGenie @MerlijnBuit Exactly.,31,1514385960959504394
19,2022-04-13 23:18:27+00:00,Harnessing #data effectively creates opportunities for your business to solve problems and thrive. Check out these‚Ä¶ https://t.co/ZAw50V9M58,139,1514382538151669763
20,2022-04-13 22:45:31+00:00,@jameszirbes Epic.,18,1514374248738930690
21,2022-04-13 19:17:41+00:00,@SocialPsychA Glad you found this blog by @HighVizAbility useful!,65,1514321945453547525
22,2022-04-13 19:16:45+00:00,@EngawaShosei Congratulations! #CertifiablyTableau,50,1514321711298080768
23,2022-04-13 19:14:58+00:00,@MerlijnBuit Brb blocking off our calendars to play this game *ahem*... to attend very important meetings,105,1514321262872473600
24,2022-04-13 19:13:48+00:00,"@michaelangeles Congrats, Michael! #CertifiablyTableau",54,1514320968931446788
25,2022-04-13 19:13:06+00:00,@larissajane Us too!,20,1514320792359780363
26,2022-04-13 19:12:06+00:00,@Hiren_Sanchala @TableauSupport Hi Hiren! Thanks for your feedback. Please add your idea to https://t.co/hkxdqRp1lU.,116,1514320540273557506
27,2022-04-13 17:02:37+00:00,"From data prep to dashboard consumption, Tableau 2022.1 makes data analysis easier at every stage. Learn about the‚Ä¶ https://t.co/ybH9Agqa60",139,1514287957921968131
28,2022-04-13 16:21:11+00:00,"Data is rad. So are the keynote speakers at Tableau Conference. Case in point: Professor Hannah Fry‚Äîmathematician,‚Ä¶ https://t.co/repe305CPw",139,1514277527266594818
29,2022-04-12 22:59:01+00:00,@cristhinkslinks Hi Chris! Sorry to hear you've been having difficulty purchasing Tableau. If you send an email to‚Ä¶ https://t.co/aS08Yrcha8,139,1514015258658045952
30,2022-04-12 20:27:07+00:00,@AdriMichelson Check out our Tableau Visionaries Twitter list: https://t.co/nuuZq1NMEK!,87,1513977031381319680
31,2022-04-12 17:38:06+00:00,@SalesforceDevs Looks like a¬†data good time! We can't wait.,59,1513934498441752578
32,2022-04-12 16:57:41+00:00,"RT @salesforce: In the digital economy, data takes the wheel.

With @Tableau, you get analytics built for everyone, accessible from anywher‚Ä¶",140,1513924326176690177
33,2022-04-11 23:56:48+00:00,"Why do so many #AI projects fail? It starts with project selection, but you have to manage change, too. Learn more‚Ä¶ https://t.co/2Tx5Oi8TA7",139,1513667414910668805
34,2022-04-11 22:51:48+00:00,@EpleySamuel Your dedication to growth is unmatched! üî• Congrats on all of your hard work.,89,1513651054818193408
35,2022-04-11 22:49:58+00:00,"@Matt_Francis #DataFam, get your votes in for the annual Vizzies Awards! ‚≠êÔ∏è",75,1513650595550269444
36,2022-04-11 22:43:07+00:00,"@DaciaLarin @EdTech_HigherEd The feeling is mutual, Dacia! ü§ó",60,1513648868415574019
37,2022-04-11 22:41:34+00:00,"@franklinleonard Hey #DataFam, any suggestions for Franklin? Our Free Training Videos are a good place to start: https://t.co/4lk1wCjUXY.",137,1513648480140804098
38,2022-04-11 22:34:51+00:00,@VizGenie Fantastic lineup of speakers ü§©,40,1513646788598710278
39,2022-04-11 22:32:50+00:00,"@VizWizBI Wow‚Å†, what an impressive milestone! Thanks for everything you've done for Tableau and the community. ü§ó",112,1513646281285021698
40,2022-04-11 22:31:03+00:00,@AdamMico1 üôå,12,1513645831794085893
41,2022-04-11 22:30:13+00:00,"@thompsonkevsr Congrats on your achievement, Kevin! üëè #CertifiablyTableau",73,1513645625623023619
42,2022-04-11 22:28:48+00:00,@murielvega Hi Muriel. Apologies for the trouble with your license. Please feel free to reach out to social@tableau‚Ä¶ https://t.co/MgUNtvOoPr,140,1513645265927901187
43,2022-04-11 22:25:37+00:00,@AdamMico1 We can't wait to hear from you!,42,1513644467726733317
44,2022-04-11 22:25:16+00:00,"@RinconAnnabelle So glad you're able to join us, Annabelle!",59,1513644377591140356
45,2022-04-11 22:24:01+00:00,"@Atefeh_Hez Congrats on becoming #CertifiablyTableau, Atefeh!",61,1513644063890702336
46,2022-04-11 17:02:53+00:00,"Your #DataFam story starts here. 

Join us for live conversations with #TableauVisionaries on how to chart your own‚Ä¶ https://t.co/o4C7fGQx3a",140,1513563245860163589
47,2022-04-10 17:40:43+00:00,"Inspire a young data explorer üöÄ in your life!

Teach young students data skills by playing tic-tac-toe and listenin‚Ä¶ https://t.co/qcyaWQENtG",140,1513210380633272321
48,2022-04-10 15:22:39+00:00,Accelerate your learning journey by attending a user group meetup and connecting with other Tableau users.‚Ä¶ https://t.co/Xg0NinUuid,131,1513175636323422209
49,2022-04-08 17:04:05+00:00,"What's new with the Tableau Community? 

Get the latest #DataFam content, events, and visualizations from this week‚Ä¶ https://t.co/2G4XV75FcC",140,1512476384404258821
50,2022-04-07 23:46:06+00:00,"On #WorldHealthDay, Tableau connected with healthcare leaders about the trends in data they see impacting the healt‚Ä¶ https://t.co/mRFK1LX2gA",140,1512215170843439108
51,2022-04-07 22:09:40+00:00,"RT @salesforce: Chat with the champs at #TDX22.

Sit down for a convo about the path to the podium and the powerful data that helps @TeamUS‚Ä¶",140,1512190899572289539
52,2022-04-07 02:52:47+00:00,"Party like a data rockstar at Tableau Conference. #Data22

Register now for a chance to win VIP treatment at TC:‚Ä¶ https://t.co/1oIplZwzGE",137,1511899761682489357
53,2022-04-06 21:00:04+00:00,"When you show them your dashboard:

*Don‚Äôt say it, don‚Äôt say it‚Ä¶*
Them: ‚ÄúCan we download it to a spreadsheet?‚Äù üëÅÔ∏èüëÑüëÅÔ∏è",116,1511810996402376710
54,2022-04-06 18:21:39+00:00,"What‚Äôs new for IT and administrators in Tableau 2022.1? Enterprise Deployment Guidelines, Backgrounder resource lim‚Ä¶ https://t.co/v4WKneYHzM",140,1511771129828028421
55,2022-04-06 17:22:36+00:00,@AileenChan928 See you there üòé,30,1511756270675525632
56,2022-04-06 02:01:05+00:00,"To better understand the impact of COVID-19 across their country, Bangkok Tableau User Group leaders volunteered th‚Ä¶ https://t.co/Z03XzlTVz0",140,1511524361072689160
57,2022-04-05 19:39:17+00:00,"@FredrickNajjar @Marvel @tableaupublic @MarvelStudios Love this, Fred!",70,1511428280670326787
58,2022-04-05 19:38:43+00:00,@digitalduquette Future data rockstar! üëÄ,40,1511428136390471685
59,2022-04-05 19:35:09+00:00,"@AdamMico1 Thanks for the great ideas and feedback, everyone! Please be sure to add them to the Ideas Forum if you‚Ä¶ https://t.co/mMlxkZxWls",139,1511427240357105664
60,2022-04-05 19:21:17+00:00,"@si_ev2101 @mrroweuk @SimonBeaumont04 @_CJMayes @katebrown_5 @tableaupublic @mo_wootten Nice work, Simon!",105,1511423750264131587
61,2022-04-05 19:20:17+00:00,@Ok_chukwu Congrats! #CertifiablyTableau,40,1511423499654426628
62,2022-04-05 19:17:14+00:00,@paulisDataViz Sounds fantastic!,32,1511422729353838596
63,2022-04-05 19:16:18+00:00,@stephchach Ours too üòé,22,1511422495567454210
64,2022-04-05 19:07:53+00:00,@_CJMayes @marcreid @infolabUK @TableauTim @VizWizBI @mapsOverlord @DataRevelations Great interview. Love it üôå,110,1511420376542179329
65,2022-04-05 19:02:46+00:00,@RinconAnnabelle ü§ó,18,1511419089255813124
66,2022-04-05 19:01:34+00:00,"@NicoleKlassen12 Thanks for your contributions to the community, Nicole!",72,1511418786473078786
67,2022-04-05 18:15:33+00:00,"The latest #BestofTableauWeb is here! Check out @acotgreave's curated list of Tableau tips, tricks, and inspiration. https://t.co/mp6pT76ohM",140,1511407207526633472
68,2022-04-04 23:53:00+00:00,"AI initiatives are on the rise, but many don't meet expectations‚Äîif they even reach deployment. Join Richard Tibbet‚Ä¶ https://t.co/PLxpu56a0G",140,1511129741473898496
69,2022-04-03 15:25:39+00:00,"Check out the Tableau User Group Weekly for more on:
- The new user group for Emergency and Disaster Management use‚Ä¶ https://t.co/5XudU40054",140,1510639675630923779
70,2022-04-02 00:22:45+00:00,"RT @tableaupublic: Connect with like-minded data rock stars through our Tableau User Groups. Check out this #VOTD, a collaboration between‚Ä¶",139,1510050062994345985
71,2022-04-01 17:02:36+00:00,"What will you learn this week from the Tableau Community?

Dig into the latest #DataFam Roundup to find out.‚Ä¶ https://t.co/eHt9BA4QKd",133,1509939298602131457
72,2022-03-30 23:44:27+00:00,"Tableau 2022.1 has arrived‚Äîbringing you new features like Workbook Optimizer, Ask Data Phrase Builder, an improved‚Ä¶ https://t.co/jVwsiHts6h",139,1509315649302110211
73,2022-03-30 19:00:08+00:00,"Joining us at #TDX22? Take advantage of TrailblazerDX Bootcamp to:
‚úîÔ∏è Learn data analyst skills from Tableau expert‚Ä¶ https://t.co/BBNQAdvtiB",140,1509244100230488067
74,2022-03-30 18:55:03+00:00,@Chimikoneco Congratulations! #CertifiablyTableau,49,1509242821311533058
75,2022-03-30 18:49:54+00:00,@jshilanjanm @TableauSupport Hi there. Can you please send an email to social@tableau.com? A member of our team should be able to help out.,139,1509241524902531076
76,2022-03-30 18:49:01+00:00,"@JohannaJoso @VizFSG @TEWWYWisdom @tableaupublic Looks great, Johanna.",70,1509241300393947138
77,2022-03-30 18:47:25+00:00,@NewmsTweet @onepeloton Awesome. Congrats on 1K üí™,49,1509240898952916992
78,2022-03-30 18:45:37+00:00,"@RayDoesData Thanks for the feedback, Ray!",42,1509240444802240523
79,2022-03-30 16:31:16+00:00,"Today, @JLR_News has
- 1,300+ employees actively creating Tableau dashboards and analyses
- 5,000+ employees explor‚Ä¶ https://t.co/sWe49n8Xxp",140,1509206634786086919
80,2022-03-29 19:26:32+00:00,@daniel_c_abbott Hi Dan! Thanks for reaching out. Can you please send an email to tableausupport@eventcore.com? A m‚Ä¶ https://t.co/ZxzmGbdbwO,140,1508888354825273344
81,2022-03-29 17:32:26+00:00,@fortune_uwha @tableaupublic Keep up the great work!,52,1508859641563820033
82,2022-03-29 17:26:00+00:00,@SarahNRodriquez See you there üëÄ,32,1508858023187345411
83,2022-03-29 17:23:27+00:00,@DataDavidDeluxe Hi David! Thanks for reaching out. This year there is no Keynote on Day 3‚Äîjust break out sessions‚Ä¶ https://t.co/EYXA3N6NIR,139,1508857379957268480
84,2022-03-29 17:20:06+00:00,@StyleSTEAMed üíØ,15,1508856537963499530
85,2022-03-29 17:19:05+00:00,"@JtothaVizzo Great tips, Jeff!",30,1508856283750838272
86,2022-03-29 17:18:25+00:00,@abmakulec @DenisonU @DataVizSociety We look forward to seeing you in person! #Data22,85,1508856112728055809
87,2022-03-29 17:16:09+00:00,"@aabattani @tableaupublic Congrats, Autumn!",43,1508855542260723712
88,2022-03-29 17:15:04+00:00,@ladataviz @tableaupublic This is rad! üòé,40,1508855271472304129
89,2022-03-27 18:00:01+00:00,Giveaway alert: Win big to ride the Tableau Conference inspiration-wave all year long and take your data game to ne‚Ä¶ https://t.co/LMgy7XvU7G,140,1508141808278155265
90,2022-03-27 15:14:42+00:00,Looking to sharpen your data skills? Tune into a user group meeting and connect with Tableau users.‚Ä¶ https://t.co/OJYTNBjGej,124,1508100204305604616
91,2022-03-25 20:55:01+00:00,"A peek at what's inside this week's #DataFam Roundup:

- A new Tableau Community Project based on data from everyda‚Ä¶ https://t.co/yfBMlozLaB",140,1507461073498038276
92,2022-03-25 15:39:06+00:00,Tableau is recognized as a Leader in the 2022 Gartner¬Æ Magic Quadrant‚Ñ¢ for Analytics &amp; Business Intelligence Platfo‚Ä¶ https://t.co/9UYGko0MVk,144,1507381567974363141
93,2022-03-24 23:00:02+00:00,Nearly 80% of employees surveyed in a recent Forrester report say they‚Äôre more likely to stay at a company that suf‚Ä¶ https://t.co/J7rNvk2ITk,140,1507130147211816962
94,2022-03-24 19:09:07+00:00,@canonicalizedco Glad you're enjoying it! ‚ú®,43,1507072034374766605
95,2022-03-24 17:20:58+00:00,@jenkiiim Can't wait to see what you create in Tableau ü§ó,56,1507044816168706050
96,2022-03-24 17:11:15+00:00,"@hiro_amemiya Thanks for registering! We'll ""see"" you there üëã",61,1507042371699200013
97,2022-03-24 15:38:24+00:00,@ukdavies @MarkTNelson Hi Andy. We apologize for the inconvenience. Can you please send an email to social@tableau.‚Ä¶ https://t.co/4XsMLqkUqC,140,1507019004312887313
98,2022-03-23 22:50:29+00:00,@chisomezeilo01 You got this üëä,30,1506765356425261062
99,2022-03-23 20:01:44+00:00,"üì£ #DataDevs, level up your career at #TDX22. Check out the 200+ technical sessions ‚Äì including 30+ Tableau sessions‚Ä¶ https://t.co/EKI93u34KS",140,1506722886089732097
100,2022-03-23 19:08:32+00:00,@Marketanalytic5 Super handy!,29,1506709499859644419
101,2022-03-23 19:07:33+00:00,"@flerlagekr Great resource. Thanks for sharing, Ken.",52,1506709250743193602
102,2022-03-23 19:04:14+00:00,"@zizzy_data @MarkBradbourne @SOH_Vizzes Beautifully done, Zainab!",65,1506708416516923396
103,2022-03-23 19:01:45+00:00,@VizWizBI Great tip! Thanks for sharing,39,1506707790403932172
104,2022-03-23 18:59:39+00:00,@dataNOTdoctrine Love this üå±,28,1506707264253571073
105,2022-03-23 18:52:22+00:00,"@MarkTossell Congrats, Mark! #CertifiablyTableau",48,1506705432152363013
106,2022-03-23 18:50:52+00:00,@chisomezeilo01 @datadzif Love it! Good luck on your data journey,65,1506705050969673728
107,2022-03-23 18:47:06+00:00,@SirShropaLot @salesforce Hi there! You can register for Tableau and secure your ticket here: https://t.co/GYYLwxetuc,117,1506704105024024576
108,2022-03-23 18:43:27+00:00,"@AdamMico1 @PacktPub Congrats, Adam! Can't wait to check it out",63,1506703188354748416
109,2022-03-22 22:29:13+00:00,‚ÄúGoing back to normal is not enough‚Äù ‚Äî the #2022SDGGenderIndex from Tableau Foundation partner @Equal2030 shows whe‚Ä¶ https://t.co/5bpzPAmJXJ,140,1506397612672397315
110,2022-03-22 19:15:44+00:00,"Step 1: Register for Tableau Conference. Step 2: Win BIG. #Data22

Register now for your chance to win:‚Ä¶ https://t.co/bm2mG2g1HX",128,1506348921643147265
111,2022-03-22 18:03:08+00:00,"Global spending on health has doubled over the past two decades, reaching $8.5 trillion in 2019. See how leading he‚Ä¶ https://t.co/hIq5kCDkSj",140,1506330652722954240
112,2022-03-22 01:16:35+00:00,A shortage of data scientists doesn‚Äôt mean you can‚Äôt scale AI solutions. It‚Äôs time to think of AI as a team sport. https://t.co/iaald0GvC8,138,1506077345160970242
113,2022-03-21 19:01:19+00:00,How can organizations scale no-code machine learning across more teams? Join the Einstein Discovery product team as‚Ä¶ https://t.co/oHDge5ttxU,140,1505982908879626240
114,2022-03-20 15:07:02+00:00,"Coming this week, a look into data scaffolding, the new #DataFamCon community project, and embedded analytics. See‚Ä¶ https://t.co/Z0p7TWjTlD",139,1505561560869048325
115,2022-03-18 20:46:22+00:00,"Learn something new this week from the Tableau Community. 

The latest #DataFam Roundup is live:‚Ä¶ https://t.co/mZ0G3xgoxn",121,1504922178927489025
116,2022-03-18 17:55:59+00:00,"Meet our #IronViz 2022 finalists. 

@ScottKimly, @_CJMayes, and @WJSutton12‚Äîsee you at the #IronViz 2022 championsh‚Ä¶ https://t.co/3wK780NLI2",140,1504879300817743874
117,2022-03-18 17:54:58+00:00,"198 entries
10 top entries
3 finalists

Head to the blog for the #IronViz 2022 Qualifier contest rundown. https://t.co/NfoyWcDm7v",129,1504879044885549058
118,2022-03-18 17:49:02+00:00,@gj_kemp Thanks for sharing!,28,1504877551440781317
119,2022-03-17 17:00:42+00:00,"79% of leaders say departments equip employees with needed data skills, yet only 40% of employees say they‚Äôre provi‚Ä¶ https://t.co/gEhxtNNOeL",140,1504503000861192192
120,2022-03-17 14:00:33+00:00,What visualizations made the top 10 #IronViz Qualifier list and which 3 finalists will advance to the championships‚Ä¶ https://t.co/dZq8QnIf19,140,1504457663496826888
121,2022-03-16 22:30:50+00:00,"The Headcount Accelerator allows HR teams to quickly answer questions like:

- What is our current headcount?
- How‚Ä¶ https://t.co/PNIEIy8iOB",140,1504223693718933506
122,2022-03-16 21:25:44+00:00,"RT @tableaupublic: As part of the #DuBoisChallenge2022, @menscuriosa recreated a gallery of 19 W. E. B. Du Bois' data visualizations plus a‚Ä¶",140,1504207309601316865
123,2022-03-16 18:47:46+00:00,@aabattani @MarkBradbourne @tableaupublic So aesthetic ‚ú®,56,1504167557279801344
124,2022-03-16 18:43:46+00:00,@mapsOverlord Welcome back!,27,1504166550743396356
125,2022-03-15 20:07:49+00:00,An all-new #BestofTableauWeb is here. Tableau lead solutions engineer @datawithjules covers the latest Tableau tips‚Ä¶ https://t.co/G383lsitih,140,1503825314564263936
126,2022-03-15 17:27:46+00:00,"@priyankadobhal_ @tableaupublic Nicely done, Priyanka!",54,1503785038780923906
127,2022-03-15 17:23:11+00:00,@appsfortableau Same here!,26,1503783882486861826
128,2022-03-15 16:51:49+00:00,@ktfontnowagner Us too!,23,1503775990853505024
129,2022-03-15 16:51:23+00:00,@AdamMico1 See you there üëã,26,1503775879570157572
130,2022-03-15 16:39:44+00:00,"Get ready for off the charts data fun‚Äîregister now for Tableau Conference: https://t.co/GYYLwxetuc

#Data22 https://t.co/byXiwxI0qH",131,1503772949555277828
131,2022-03-15 15:14:39+00:00,"(Pro tip: If viewing from mobile, take a screenshot to open the link.)",70,1503751535754420227
132,2022-03-15 15:13:42+00:00,"See you soon, #DataFam. Tableau Conference registration is now open! #Data22 https://t.co/kR3VL0NDO3",100,1503751299988393997
133,2022-03-14 19:45:48+00:00,New @TableauCRM feature alert‚ÄîCDP Direct makes working in Salesforce CDP and TCRM even more seamless. Learn how to‚Ä¶ https://t.co/3x2kw9KHhN,139,1503457385754599434
134,2022-03-13 15:44:09+00:00,Advance your data skills by joining a Tableau User Group and connecting with the global #DataFam. Take a look at th‚Ä¶ https://t.co/ebO15mRQWr,140,1503034184108896263
135,2022-03-12 19:00:13+00:00,Be the first to know the top 10 #IronViz entries and the 3 finalists who will advance to the Iron Viz 2022 Champion‚Ä¶ https://t.co/xRgh1EAZ3b,140,1502721140594200578
136,2022-03-12 16:00:01+00:00,The Paralympic classification system provides structure for competition and creates an equitable playing field. Lea‚Ä¶ https://t.co/ooeiD8wwjW,140,1502675790831316993
137,2022-03-11 18:04:15+00:00,"Learn Tableau from the #DataFam. Dig into the Roundup, a blog series bringing together the latest in community cont‚Ä¶ https://t.co/d0xDzNnuJZ",140,1502344665122557957
138,2022-03-10 19:11:49+00:00,"Coming soon in Tableau 2022.1‚ÄîWorkbook Optimizer, Ask Data Phrase Builder, Backgrounder resource limits, a new sear‚Ä¶ https://t.co/8YtRuSJPs6",140,1501999283599556613
139,2022-03-10 15:17:10+00:00,Announcing the global winners for our 2021 Tableau Partner Awards. Learn more about the 2021 Tableau Partner Awards‚Ä¶ https://t.co/ihMuoYrVSX,140,1501940230118526987
140,2022-03-10 01:19:39+00:00,Join us tomorrow for the global Data+Women event and hear from members of the #DataFam on forging a career in data‚Ä¶ https://t.co/MGTytPG7dy,139,1501729462269841408
141,2022-03-09 23:49:54+00:00,"@vsimoes90 Thanks for all your contributions to the #DataFam, Veronica",70,1501706875150213124
142,2022-03-09 19:05:09+00:00,What does the athlete development track look like for @TeamUSA Para Sled Hockey? Tableau data experts took a deeper‚Ä¶ https://t.co/UcuMbbZfYf,140,1501635218457137152
143,2022-03-09 17:39:35+00:00,"@juliannekelso Thanks for sharing, Julianne.",44,1501613683033530368
144,2022-03-09 17:30:14+00:00,"@AdamMico1 So well-deserved, Adam",33,1501611332579520512
145,2022-03-09 17:28:04+00:00,"@ZachBowders Well said, Zach.",29,1501610784274714628
146,2022-03-09 17:24:04+00:00,"@_CJMayes We appreciate you, CJ",31,1501609777767591942
147,2022-03-09 17:22:54+00:00,"@ZaksViz Thanks for everything you do for the community, Zak.",61,1501609485734981635
148,2022-03-09 16:01:08+00:00,Stay connected with the #TableauVisionaries on Twitter. Follow this list: https://t.co/nuuZq1NMEK,97,1501588906935865344
149,2022-03-09 16:00:44+00:00,"Welcome to the 2022 #TableauVisionaries.

This group of 45 community members shares their mastery, teaching, and co‚Ä¶ https://t.co/nyevqX52Rk",140,1501588805618442240
150,2022-03-08 02:06:20+00:00,"RT @salesforce: Salesforce stands with Ukraine.

Along with our employees, we're donating an initial $2M to support humanitarian efforts on‚Ä¶",140,1501016435430023168
151,2022-03-02 18:07:56+00:00,@erickvb23 @TableauSupport Hi Erick. Thanks for reaching out. Can you please send an email to social@tableau.com? W‚Ä¶ https://t.co/arHtrHb31b,140,1499084101747294210
152,2022-02-23 22:50:43+00:00,"@dskrux Congrats on the achievement, David! ‚≠êÔ∏è #CertifiablyTableau",66,1496618551154778114
153,2022-02-23 21:29:29+00:00,@206andrew DATA1 is looking good! ‚òÄÔ∏è üôå,38,1496598111535472643
154,2022-02-23 20:15:56+00:00,What's the financial health of your business? Use the Financial Statement Accelerator to quickly get an overview of‚Ä¶ https://t.co/pMdEd7CSuH,140,1496579600989798402
155,2022-02-23 18:30:05+00:00,@ForemanFeronica Congratulations on your #CertifiablyTableau achievement! üéâ,75,1496552964026212356
156,2022-02-23 15:00:33+00:00,"Join an upcoming event celebrating #BHM and the current voices in the Black community:
‚û°Ô∏è  Exploring &amp; Recreating D‚Ä¶ https://t.co/rFDfohVjoZ",144,1496500231663411206
157,2022-02-22 21:59:00+00:00,@EpleySamuel Beyond impressive!,31,1496243151866155009
158,2022-02-22 21:58:16+00:00,"@datawoj Congrats, Colin! #CertifiablyTableau",45,1496242966033321988
159,2022-02-22 21:48:52+00:00,"@AlDatavizguy Don't miss this, #DataFam ‚¨ÜÔ∏è",42,1496240601997713409
160,2022-02-22 21:46:50+00:00,@AlDatavizguy Incredible work by @menscuriosa!,46,1496240090204741633
161,2022-02-22 21:45:34+00:00,"@El_Dabrah @jreevers5 @deeVizable @HipsterVizNinja @tableaupublic Looks great, Luke! üî•",86,1496239768321073165
162,2022-02-22 21:44:42+00:00,@p_padham @pinkfloyd @figma @deeVizable @EpleySamuel @mpieluzek @her_data @tableaupublic @AdamMico1‚Ä¶ https://t.co/YyT6QRsp1A,124,1496239552566026240
163,2022-02-22 21:43:26+00:00,"@MarcSchonwandt Great post! Thanks for sharing your knowledge, Marc.",68,1496239232754536448
164,2022-02-22 21:41:45+00:00,"@data_and_stuff Looks great, James!",35,1496238807146201089
165,2022-02-22 21:01:40+00:00,"For success in the future of work, organizations must expand their definition of data literacy, invest in their peo‚Ä¶ https://t.co/bTyj9M8NhS",140,1496228722273312772
166,2022-02-22 20:35:41+00:00,@TechieZach @TableauCRM @wwp Our pleasure! ü§ó,44,1496222184326545410
167,2022-02-21 22:22:04+00:00,"Fun with numbers? Count us in, #DataFam. IYKYK https://t.co/VFT2VFTBbM",70,1495886568497815553
168,2022-02-20 16:16:35+00:00,Connect virtually with other data enthusiasts at a user group meetup. üëÄ  Take a peak at what's in store this week:‚Ä¶ https://t.co/nzHscLr0La,139,1495432203605458945
169,2022-02-19 18:55:33+00:00,"On the blog, we cover the top 10 Tableau table calculations with examples, instructions and a downloadable workbook‚Ä¶ https://t.co/FE2a1ifRTx",140,1495109818188582916
170,2022-02-18 18:21:34+00:00,"Get the newest Tableau Community content, vizzes, and events from this week's #DataFam Roundup. 
‚û°Ô∏è‚Ä¶ https://t.co/MYshNo4sX6",124,1494738881484574725
171,2022-02-17 22:37:34+00:00,"üì£ Hey #DataDevs, we‚Äôre headed to TrailblazerDX!  

Join us for
üí° Our product innovation keynote
‚ú® 20+ Tableau sessi‚Ä¶ https://t.co/y8WGVut5vA",140,1494440915519225857
172,2022-02-17 18:06:54+00:00,Introducing the Google Analytics Accelerator! Get visibility into your website traffic and quickly answer üîë questio‚Ä¶ https://t.co/wawXQXiKZC,140,1494372799539986434
173,2022-02-17 17:37:57+00:00,"@JA_Olaoye Unfortunately, due to legal and tax reasons, we must limit Iron Viz to those countries that are listed f‚Ä¶ https://t.co/uvOC0SjMkf",140,1494365517469175809
174,2022-02-16 20:53:12+00:00,"RT @acotgreave: It's #chartchat tomorrow (Thu)! Join us LIVE at 4pm gmt to see, among other things, our remakes of this voronoi from @Visua‚Ä¶",140,1494052262091624448
175,2022-02-16 16:25:05+00:00,@Sabrina_MAALEJ Nice work üôå,27,1493984791477293058
176,2022-02-16 15:51:44+00:00,RT @tableaupublic: The 2022 #IronViz Qualifier entries are in! üéâ Head to our blog to explore all 198 mind-blowing visualizations on Visuali‚Ä¶,140,1493976398427480066
177,2022-02-16 14:02:19+00:00,"3 ways Tableau is powering smarter experiences across the entire @Salesforce #Customer360
üí° Revenue Intelligence
üìä‚Ä¶ https://t.co/rD3sri20G8",139,1493948861970194436
178,2022-02-15 21:02:05+00:00,"Q: What does it take to formalize ethical data and AI use? 

A: Responsible organizations will proactively design e‚Ä¶ https://t.co/oqDG6i0L9J",140,1493692112713535501
179,2022-02-15 19:08:00+00:00,"RT @salescloud: Sell smarter. Grow revenue faster.

Revenue Intelligence combines Sales Cloud, Einstein, and @tableau capabilities so you c‚Ä¶",140,1493663401515515905
180,2022-02-15 01:57:36+00:00,Want to succeed with AI? Keep people at the center of your data strategy‚Äîeven when it comes to technology decisions‚Ä¶ https://t.co/sLb4OLV3oY,140,1493404093074657281
181,2022-02-14 21:53:39+00:00,"@MarkTossell Happy Valentines Day, Mark! üíå",42,1493342700095029254
182,2022-02-14 21:52:59+00:00,@Ajenstat See you there! ü•≥,26,1493342534701047816
183,2022-02-14 21:52:09+00:00,@StacyTweetsTech Happy Valentines Day! üíå,40,1493342321529790467
184,2022-02-14 17:35:43+00:00,"How are data-driven organizations succeeding with a people-first AI strategy?

Join Tableau CTO Andrew Beers as he‚Ä¶ https://t.co/gTgwcefES5",139,1493277788643610624
185,2022-02-14 03:00:06+00:00,"To: #DataFam
Love, Tableau ‚ù§Ô∏è https://t.co/fCu9IQq2dN",53,1493057434428059653
186,2022-02-13 21:00:08+00:00,"Using predictive analytics, we can confirm that 100% of the chips and dip will be consumed in the first quarter.",112,1492966846022172674
187,2022-02-13 15:56:49+00:00,"Tableau User Groups are meeting all week long! Dive into the weekly for more on:
üëâ A new user group for Tableau Cod‚Ä¶ https://t.co/3xpDkmbF86",140,1492890512142913542
188,2022-02-12 18:30:36+00:00,"Who is the data rockstar behind all these amazing visualizations? 

Head to the blog to watch data viz designer and‚Ä¶ https://t.co/nEwDjqCx1A",140,1492566827372843010
189,2022-02-11 23:57:39+00:00,"@VinodhDataArt Thanks for your contributions, Vinodh!",53,1492286744280055808
190,2022-02-11 23:57:22+00:00,@marcreid Absolutely! üíØ,23,1492286670103797760
191,2022-02-11 23:56:03+00:00,@DataVizisFancy @tableausoftware @tableaupublic Thanks for sharing! ü§ó,69,1492286341345861636
192,2022-02-11 21:03:48+00:00,"The #DataFam has put together some ways we‚Äôre celebrating #BlackHistoryMonth. Join us!
‚û°Ô∏è participate in a data vis‚Ä¶ https://t.co/YEOALSiefh",140,1492242991301505027
193,2022-02-11 19:32:25+00:00,"@PatForData Congrats, Pat! #CertifiablyTableau",46,1492219994310123520
194,2022-02-11 19:27:13+00:00,@dataTasteMaker @tableaupublic We hope to see you there! Either way‚Å†‚Äîit's going to be great ü•≥,93,1492218687876702216
195,2022-02-11 18:28:37+00:00,@tableaupublic @BrittTweets Check out the latest (50th!) issue of the #DataFam Roundup: https://t.co/U8VIU9jxke https://t.co/iUm7syibaq,135,1492203938157932545
196,2022-02-11 18:22:14+00:00,"Happy 1‚É£ year of #DataFam Roundups and 5‚É£0‚É£th weekly issue!

Cheers to üéâ
547 pieces of content
374 contributors
194‚Ä¶ https://t.co/BgmpmgB1GG",140,1492202334411235337
197,2022-02-11 16:00:02+00:00,"The world is facing a digital skills gap ‚Äì including analytics ‚Äì according to a recent @Salesforce study.

Tableau‚Ä¶ https://t.co/sCdcTK0hTw",139,1492166547191836692
198,2022-02-11 02:17:46+00:00,Looking to drive performance with your team? Learn how BMW Group Asia uses Tableau to steer business across 14 mark‚Ä¶ https://t.co/NUys78SUmO,140,1491959616980373504
199,2022-02-10 19:38:45+00:00,Understanding your sales pipeline is key to crushing your quota. üëä The Pipeline/Opportunities (expert) Accelerator‚Ä¶ https://t.co/XfRm59uG9i,139,1491859201848594441
